datetime,global_active_power,global_reactive_power,voltage,global_intensity,sub_metering_1,sub_metering_2,sub_metering_3,total_sub_metering,target_next_hour_power
2021-01-01 00:00:00,0.1,0.01,234.37,0.1,0.0,0.0,0.0,0.0,0.1
2021-01-01 01:00:00,0.1,0.01,239.08,0.1,0.0,0.0,0.0,0.0,0.3275
2021-01-01 02:00:00,0.3275,0.0261,237.07,0.1,0.0,0.0,0.0,0.0,0.1
2021-01-01 03:00:00,0.1,0.01,241.26,0.1,0.0,0.0,0.0,0.0,0.1
2021-01-01 04:00:00,0.1,0.01,242.92,0.1,0.0,0.0,0.0,0.0,0.1
2021-01-01 05:00:00,0.1,0.01,238.67,0.1,0.0,0.0,0.0,0.0,0.3867
2021-01-01 06:00:00,0.3867,0.0308,241.7,0.1,0.0,0.0,0.0,0.0,0.8744
2021-01-01 07:00:00,0.8744,0.0697,235.11,0.1,0.1006,0.0,0.0,0.1006,1.0163
2021-01-01 08:00:00,1.0163,0.081,239.09,0.1,0.1368,0.0,0.0,0.1368,0.9445
2021-01-01 09:00:00,0.9445,0.0753,244.68,0.1,0.2442,0.0,0.0,0.2442,0.4651
2021-01-01 10:00:00,0.4651,0.0371,236.14,0.1,0.0,0.0917,0.0,0.0917,0.2553
2021-01-01 11:00:00,0.2553,0.0204,238.35,0.1,0.0,0.0269,0.0,0.0269,0.3162
2021-01-01 12:00:00,0.3162,0.0252,244.97,0.1,0.0,0.0222,0.0,0.0222,0.2709
2021-01-01 13:00:00,0.2709,0.0216,235.31,0.1,0.0,0.0308,0.0,0.0308,0.3816
2021-01-01 14:00:00,0.3816,0.0304,242.2,0.1,0.0,0.0214,0.0,0.0214,0.2371
2021-01-01 15:00:00,0.2371,0.0189,240.02,0.1,0.0,0.0,0.0,0.0,0.332
2021-01-01 16:00:00,0.332,0.0265,240.15,0.1,0.0,0.0,0.0,0.0,0.4758
2021-01-01 17:00:00,0.4758,0.0379,241.57,0.1,0.0,0.0,0.0,0.0,1.5925
2021-01-01 18:00:00,1.5925,0.127,238.42,0.1,0.4193,0.0,0.0,0.4193,1.1856
2021-01-01 19:00:00,1.1856,0.0945,242.94,0.1,0.4123,0.0,0.5477,0.96,1.448
2021-01-01 20:00:00,1.448,0.1155,238.21,0.1,0.4111,0.0,0.7295,1.1406,1.7608
2021-01-01 21:00:00,1.7608,0.1404,236.69,0.1,0.0,0.0,0.8708,0.8708,0.2113
2021-01-01 22:00:00,0.2113,0.0169,241.3,0.1,0.0,0.0,0.0585,0.0585,0.273
2021-01-01 23:00:00,0.273,0.0218,233.5,0.1,0.0,0.0,0.0,0.0,0.1
2021-01-02 00:00:00,0.1,0.01,241.51,0.1,0.0,0.0,0.0,0.0,0.1
2021-01-02 01:00:00,0.1,0.01,243.09,0.1,0.0,0.0,0.0,0.0,0.1
2021-01-02 02:00:00,0.1,0.01,243.08,0.1,0.0,0.0,0.0,0.0,0.1
2021-01-02 03:00:00,0.1,0.01,240.81,0.1,0.0,0.0,0.0,0.0,0.1
2021-01-02 04:00:00,0.1,0.01,237.81,0.1,0.0,0.0,0.0,0.0,0.1
2021-01-02 05:00:00,0.1,0.01,238.9,0.1,0.0,0.0,0.0,0.0,0.5229
2021-01-02 06:00:00,0.5229,0.0417,237.4,0.1,0.0,0.0,0.0,0.0,1.2763
2021-01-02 07:00:00,1.2763,0.1018,240.54,0.1,0.2225,0.0,0.0,0.2225,0.6444
2021-01-02 08:00:00,0.6444,0.0514,237.53,0.1,0.098,0.0,0.0,0.098,1.086
2021-01-02 09:00:00,1.086,0.0866,241.16,0.1,0.138,0.0,0.0,0.138,0.5268
2021-01-02 10:00:00,0.5268,0.042,238.31,0.1,0.0,0.1033,0.0,0.1033,0.5922
2021-01-02 11:00:00,0.5922,0.0472,242.21,0.1,0.0,0.1543,0.0,0.1543,0.5823
2021-01-02 12:00:00,0.5823,0.0464,239.97,0.1,0.0,0.1226,0.0,0.1226,0.4508
2021-01-02 13:00:00,0.4508,0.0359,237.32,0.1,0.0,0.131,0.0,0.131,0.5432
2021-01-02 14:00:00,0.5432,0.0433,234.33,0.1,0.0,0.144,0.0,0.144,0.6026
2021-01-02 15:00:00,0.6026,0.0481,240.02,0.1,0.0,0.0839,0.0,0.0839,0.5042
2021-01-02 16:00:00,0.5042,0.0402,235.61,0.1,0.0,0.077,0.0,0.077,0.2054
2021-01-02 17:00:00,0.2054,0.0164,241.62,0.1,0.0,0.0,0.0,0.0,1.2498
2021-01-02 18:00:00,1.2498,0.0997,240.24,0.1,0.2312,0.0,0.0,0.2312,1.5182
2021-01-02 19:00:00,1.5182,0.1211,246.02,0.1,0.4251,0.0,0.7825,1.2076,1.9795
2021-01-02 20:00:00,1.9795,0.1578,243.03,0.1,0.4372,0.0,0.9781,1.4153,1.8436
2021-01-02 21:00:00,1.8436,0.147,235.49,0.1,0.0,0.0,0.7854,0.7854,0.4547
2021-01-02 22:00:00,0.4547,0.0363,231.74,0.1,0.0,0.0,0.21,0.21,0.1359
2021-01-02 23:00:00,0.1359,0.0108,234.72,0.1,0.0,0.0,0.0,0.0,0.1
2021-01-03 00:00:00,0.1,0.01,241.32,0.1,0.0,0.0,0.0,0.0,0.1
2021-01-03 01:00:00,0.1,0.01,237.02,0.1,0.0,0.0,0.0,0.0,0.1
2021-01-03 02:00:00,0.1,0.01,245.08,0.1,0.0,0.0,0.0,0.0,0.1
2021-01-03 03:00:00,0.1,0.01,243.66,0.1,0.0,0.0,0.0,0.0,0.2058
2021-01-03 04:00:00,0.2058,0.0164,239.4,0.1,0.0,0.0,0.0,0.0,0.1
2021-01-03 05:00:00,0.1,0.01,240.58,0.1,0.0,0.0,0.0,0.0,0.4153
2021-01-03 06:00:00,0.4153,0.0331,242.38,0.1,0.0,0.0,0.0,0.0,1.2515
2021-01-03 07:00:00,1.2515,0.0998,239.98,0.1,0.1352,0.0,0.0,0.1352,0.9779
2021-01-03 08:00:00,0.9779,0.078,236.5,0.1,0.1582,0.0,0.0,0.1582,0.9955
2021-01-03 09:00:00,0.9955,0.0794,240.78,0.1,0.217,0.0,0.0,0.217,0.699
2021-01-03 10:00:00,0.699,0.0557,238.68,0.1,0.0,0.1924,0.0,0.1924,0.4975
2021-01-03 11:00:00,0.4975,0.0397,240.35,0.1,0.0,0.0616,0.0,0.0616,0.447
2021-01-03 12:00:00,0.447,0.0356,239.24,0.1,0.0,0.0472,0.0,0.0472,0.329
2021-01-03 13:00:00,0.329,0.0262,245.23,0.1,0.0,0.0698,0.0,0.0698,0.7231
2021-01-03 14:00:00,0.7231,0.0577,239.4,0.1,0.0,0.0844,0.0,0.0844,0.335
2021-01-03 15:00:00,0.335,0.0267,238.2,0.1,0.0,0.0778,0.0,0.0778,0.6672
2021-01-03 16:00:00,0.6672,0.0532,244.07,0.1,0.0,0.1746,0.0,0.1746,0.2359
2021-01-03 17:00:00,0.2359,0.0188,234.35,0.1,0.0,0.0,0.0,0.0,1.2098
2021-01-03 18:00:00,1.2098,0.0965,236.27,0.1,0.4002,0.0,0.0,0.4002,1.3435
2021-01-03 19:00:00,1.3435,0.1071,235.94,0.1,0.3052,0.0,0.3723,0.6775,1.6401
2021-01-03 20:00:00,1.6401,0.1308,242.58,0.1,0.3877,0.0,0.3773,0.765,1.8331
2021-01-03 21:00:00,1.8331,0.1462,243.03,0.1,0.0,0.0,0.7952,0.7952,0.3492
2021-01-03 22:00:00,0.3492,0.0278,239.92,0.1,0.0,0.0,0.1357,0.1357,0.1137
2021-01-03 23:00:00,0.1137,0.01,235.31,0.1,0.0,0.0,0.0,0.0,0.1
2021-01-04 00:00:00,0.1,0.01,239.07,0.1,0.0,0.0,0.0,0.0,0.1
2021-01-04 01:00:00,0.1,0.01,244.2,0.1,0.0,0.0,0.0,0.0,0.1
2021-01-04 02:00:00,0.1,0.01,240.81,0.1,0.0,0.0,0.0,0.0,0.4028
2021-01-04 03:00:00,0.4028,0.0321,235.31,0.1,0.0,0.0,0.0,0.0,0.1
2021-01-04 04:00:00,0.1,0.01,234.5,0.1,0.0,0.0,0.0,0.0,0.1215
2021-01-04 05:00:00,0.1215,0.01,242.83,0.1,0.0,0.0,0.0,0.0,0.1306
2021-01-04 06:00:00,0.1306,0.0104,236.16,0.1,0.0,0.0,0.0,0.0,0.8725
2021-01-04 07:00:00,0.8725,0.0696,239.24,0.1,0.1032,0.0,0.0,0.1032,1.0615
2021-01-04 08:00:00,1.0615,0.0846,239.11,0.1,0.281,0.0,0.0,0.281,1.0017
2021-01-04 09:00:00,1.0017,0.0799,239.34,0.1,0.1892,0.0,0.0,0.1892,0.2903
2021-01-04 10:00:00,0.2903,0.0231,236.92,0.1,0.0,0.0369,0.0,0.0369,0.1286
2021-01-04 11:00:00,0.1286,0.0103,243.3,0.1,0.0,0.0242,0.0,0.0242,0.2628
2021-01-04 12:00:00,0.2628,0.021,239.01,0.1,0.0,0.0326,0.0,0.0326,0.3668
2021-01-04 13:00:00,0.3668,0.0292,239.64,0.1,0.0,0.0249,0.0,0.0249,0.4831
2021-01-04 14:00:00,0.4831,0.0385,245.85,0.1,0.0,0.0575,0.0,0.0575,0.3566
2021-01-04 15:00:00,0.3566,0.0284,238.11,0.1,0.0,0.0,0.0,0.0,0.3854
2021-01-04 16:00:00,0.3854,0.0307,240.8,0.1,0.0,0.0,0.0,0.0,0.5029
2021-01-04 17:00:00,0.5029,0.0401,245.91,0.1,0.0,0.0,0.0,0.0,1.4981
2021-01-04 18:00:00,1.4981,0.1195,239.72,0.1,0.5643,0.0,0.0,0.5643,1.3977
2021-01-04 19:00:00,1.3977,0.1115,242.59,0.1,0.5419,0.0,0.4246,0.9665,1.2122
2021-01-04 20:00:00,1.2122,0.0967,246.6,0.1,0.2607,0.0,0.4809,0.7416,1.3217
2021-01-04 21:00:00,1.3217,0.1054,236.1,0.1,0.0,0.0,0.3555,0.3555,0.2078
2021-01-04 22:00:00,0.2078,0.0166,238.96,0.1,0.0,0.0,0.0971,0.0971,0.4764
2021-01-04 23:00:00,0.4764,0.038,242.13,0.1,0.0,0.0,0.0,0.0,0.1
2021-01-05 00:00:00,0.1,0.01,238.74,0.1,0.0,0.0,0.0,0.0,0.1
2021-01-05 01:00:00,0.1,0.01,237.83,0.1,0.0,0.0,0.0,0.0,0.1
2021-01-05 02:00:00,0.1,0.01,238.19,0.1,0.0,0.0,0.0,0.0,0.1
2021-01-05 03:00:00,0.1,0.01,237.68,0.1,0.0,0.0,0.0,0.0,0.1021
2021-01-05 04:00:00,0.1021,0.01,239.41,0.1,0.0,0.0,0.0,0.0,0.1
2021-01-05 05:00:00,0.1,0.01,235.64,0.1,0.0,0.0,0.0,0.0,0.2194
2021-01-05 06:00:00,0.2194,0.0175,235.25,0.1,0.0,0.0,0.0,0.0,0.7338
2021-01-05 07:00:00,0.7338,0.0585,243.34,0.1,0.2117,0.0,0.0,0.2117,0.9551
2021-01-05 08:00:00,0.9551,0.0762,241.89,0.1,0.1265,0.0,0.0,0.1265,0.9665
2021-01-05 09:00:00,0.9665,0.0771,242.4,0.1,0.136,0.0,0.0,0.136,0.3678
2021-01-05 10:00:00,0.3678,0.0293,240.3,0.1,0.0,0.0333,0.0,0.0333,0.2179
2021-01-05 11:00:00,0.2179,0.0174,235.65,0.1,0.0,0.0365,0.0,0.0365,0.2768
2021-01-05 12:00:00,0.2768,0.0221,242.15,0.1,0.0,0.0418,0.0,0.0418,0.2131
2021-01-05 13:00:00,0.2131,0.017,238.48,0.1,0.0,0.0322,0.0,0.0322,0.126
2021-01-05 14:00:00,0.126,0.01,239.17,0.1,0.0,0.0221,0.0,0.0221,0.3246
2021-01-05 15:00:00,0.3246,0.0259,236.53,0.1,0.0,0.0,0.0,0.0,0.5028
2021-01-05 16:00:00,0.5028,0.0401,231.45,0.1,0.0,0.0,0.0,0.0,0.3866
2021-01-05 17:00:00,0.3866,0.0308,239.71,0.1,0.0,0.0,0.0,0.0,1.4203
2021-01-05 18:00:00,1.4203,0.1132,237.72,0.1,0.4896,0.0,0.0,0.4896,1.2702
2021-01-05 19:00:00,1.2702,0.1013,235.07,0.1,0.3173,0.0,0.5277,0.8449,1.4106
2021-01-05 20:00:00,1.4106,0.1125,235.33,0.1,0.2342,0.0,0.3121,0.5463,1.4348
2021-01-05 21:00:00,1.4348,0.1144,239.22,0.1,0.0,0.0,0.4612,0.4612,0.6373
2021-01-05 22:00:00,0.6373,0.0508,235.7,0.1,0.0,0.0,0.1648,0.1648,0.3242
2021-01-05 23:00:00,0.3242,0.0259,241.4,0.1,0.0,0.0,0.0,0.0,0.1
2021-01-06 00:00:00,0.1,0.01,237.36,0.1,0.0,0.0,0.0,0.0,0.1
2021-01-06 01:00:00,0.1,0.01,242.22,0.1,0.0,0.0,0.0,0.0,0.1
2021-01-06 02:00:00,0.1,0.01,240.57,0.1,0.0,0.0,0.0,0.0,0.1
2021-01-06 03:00:00,0.1,0.01,241.69,0.1,0.0,0.0,0.0,0.0,0.1
2021-01-06 04:00:00,0.1,0.01,235.86,0.1,0.0,0.0,0.0,0.0,0.1
2021-01-06 05:00:00,0.1,0.01,244.46,0.1,0.0,0.0,0.0,0.0,0.1
2021-01-06 06:00:00,0.1,0.01,240.1,0.1,0.0,0.0,0.0,0.0,1.1151
2021-01-06 07:00:00,1.1151,0.0889,241.58,0.1,0.3002,0.0,0.0,0.3002,1.0849
2021-01-06 08:00:00,1.0849,0.0865,242.27,0.1,0.163,0.0,0.0,0.163,0.783
2021-01-06 09:00:00,0.783,0.0624,240.23,0.1,0.1794,0.0,0.0,0.1794,0.6474
2021-01-06 10:00:00,0.6474,0.0516,240.24,0.1,0.0,0.0976,0.0,0.0976,0.4285
2021-01-06 11:00:00,0.4285,0.0342,240.72,0.1,0.0,0.0356,0.0,0.0356,0.5133
2021-01-06 12:00:00,0.5133,0.0409,240.04,0.1,0.0,0.0668,0.0,0.0668,0.2132
2021-01-06 13:00:00,0.2132,0.017,241.56,0.1,0.0,0.0336,0.0,0.0336,0.3503
2021-01-06 14:00:00,0.3503,0.0279,241.54,0.1,0.0,0.0338,0.0,0.0338,0.5344
2021-01-06 15:00:00,0.5344,0.0426,241.49,0.1,0.0,0.0,0.0,0.0,0.2704
2021-01-06 16:00:00,0.2704,0.0216,243.39,0.1,0.0,0.0,0.0,0.0,0.3281
2021-01-06 17:00:00,0.3281,0.0262,239.25,0.1,0.0,0.0,0.0,0.0,1.2154
2021-01-06 18:00:00,1.2154,0.0969,242.55,0.1,0.4676,0.0,0.0,0.4676,1.7765
2021-01-06 19:00:00,1.7765,0.1417,239.28,0.1,0.4533,0.0,0.8226,1.2759,1.5474
2021-01-06 20:00:00,1.5474,0.1234,236.28,0.1,0.2441,0.0,0.3668,0.6109,1.6962
2021-01-06 21:00:00,1.6962,0.1353,236.29,0.1,0.0,0.0,0.392,0.392,0.4773
2021-01-06 22:00:00,0.4773,0.0381,240.62,0.1,0.0,0.0,0.1729,0.1729,0.1771
2021-01-06 23:00:00,0.1771,0.0141,241.69,0.1,0.0,0.0,0.0,0.0,0.1
2021-01-07 00:00:00,0.1,0.01,236.95,0.1,0.0,0.0,0.0,0.0,0.1
2021-01-07 01:00:00,0.1,0.01,240.17,0.1,0.0,0.0,0.0,0.0,0.1
2021-01-07 02:00:00,0.1,0.01,240.41,0.1,0.0,0.0,0.0,0.0,0.1
2021-01-07 03:00:00,0.1,0.01,243.81,0.1,0.0,0.0,0.0,0.0,0.1
2021-01-07 04:00:00,0.1,0.01,238.44,0.1,0.0,0.0,0.0,0.0,0.1
2021-01-07 05:00:00,0.1,0.01,239.85,0.1,0.0,0.0,0.0,0.0,0.2637
2021-01-07 06:00:00,0.2637,0.021,241.85,0.1,0.0,0.0,0.0,0.0,0.5438
2021-01-07 07:00:00,0.5438,0.0434,240.05,0.1,0.0889,0.0,0.0,0.0889,1.0139
2021-01-07 08:00:00,1.0139,0.0808,240.92,0.1,0.2395,0.0,0.0,0.2395,0.9929
2021-01-07 09:00:00,0.9929,0.0792,240.77,0.1,0.1181,0.0,0.0,0.1181,0.568
2021-01-07 10:00:00,0.568,0.0453,239.82,0.1,0.0,0.0648,0.0,0.0648,0.1
2021-01-07 11:00:00,0.1,0.01,242.32,0.1,0.0,0.0186,0.0,0.0186,0.5177
2021-01-07 12:00:00,0.5177,0.0413,237.43,0.1,0.0,0.0959,0.0,0.0959,0.3657
2021-01-07 13:00:00,0.3657,0.0292,240.25,0.1,0.0,0.0396,0.0,0.0396,0.1965
2021-01-07 14:00:00,0.1965,0.0157,239.67,0.1,0.0,0.0206,0.0,0.0206,0.4331
2021-01-07 15:00:00,0.4331,0.0345,241.09,0.1,0.0,0.0,0.0,0.0,0.3133
2021-01-07 16:00:00,0.3133,0.025,239.48,0.1,0.0,0.0,0.0,0.0,0.3948
2021-01-07 17:00:00,0.3948,0.0315,243.39,0.1,0.0,0.0,0.0,0.0,1.19
2021-01-07 18:00:00,1.19,0.0949,245.49,0.1,0.3379,0.0,0.0,0.3379,1.5836
2021-01-07 19:00:00,1.5836,0.1263,238.84,0.1,0.5117,0.0,0.7816,1.2933,1.3158
2021-01-07 20:00:00,1.3158,0.1049,239.26,0.1,0.2371,0.0,0.3146,0.5517,1.5482
2021-01-07 21:00:00,1.5482,0.1235,234.7,0.1,0.0,0.0,0.4211,0.4211,0.3314
2021-01-07 22:00:00,0.3314,0.0264,235.08,0.1,0.0,0.0,0.096,0.096,0.2448
2021-01-07 23:00:00,0.2448,0.0195,239.36,0.1,0.0,0.0,0.0,0.0,0.1517
2021-01-08 00:00:00,0.1517,0.0121,244.93,0.1,0.0,0.0,0.0,0.0,0.1
2021-01-08 01:00:00,0.1,0.01,240.44,0.1,0.0,0.0,0.0,0.0,0.1
2021-01-08 02:00:00,0.1,0.01,243.58,0.1,0.0,0.0,0.0,0.0,0.1
2021-01-08 03:00:00,0.1,0.01,244.52,0.1,0.0,0.0,0.0,0.0,0.1
2021-01-08 04:00:00,0.1,0.01,237.03,0.1,0.0,0.0,0.0,0.0,0.1
2021-01-08 05:00:00,0.1,0.01,239.86,0.1,0.0,0.0,0.0,0.0,0.1855
2021-01-08 06:00:00,0.1855,0.0148,236.73,0.1,0.0,0.0,0.0,0.0,0.8474
2021-01-08 07:00:00,0.8474,0.0676,242.59,0.1,0.2156,0.0,0.0,0.2156,0.7797
2021-01-08 08:00:00,0.7797,0.0622,238.03,0.1,0.124,0.0,0.0,0.124,0.946
2021-01-08 09:00:00,0.946,0.0754,237.53,0.1,0.182,0.0,0.0,0.182,0.4169
2021-01-08 10:00:00,0.4169,0.0332,243.03,0.1,0.0,0.0416,0.0,0.0416,0.5709
2021-01-08 11:00:00,0.5709,0.0455,243.33,0.1,0.0,0.1087,0.0,0.1087,0.333
2021-01-08 12:00:00,0.333,0.0266,237.48,0.1,0.0,0.0306,0.0,0.0306,0.1
2021-01-08 13:00:00,0.1,0.01,242.47,0.1,0.0,0.0163,0.0,0.0163,0.3774
2021-01-08 14:00:00,0.3774,0.0301,243.15,0.1,0.0,0.0526,0.0,0.0526,0.6252
2021-01-08 15:00:00,0.6252,0.0499,240.45,0.1,0.0,0.0,0.0,0.0,0.1
2021-01-08 16:00:00,0.1,0.01,240.98,0.1,0.0,0.0,0.0,0.0,0.1841
2021-01-08 17:00:00,0.1841,0.0147,235.47,0.1,0.0,0.0,0.0,0.0,1.4573
2021-01-08 18:00:00,1.4573,0.1162,242.63,0.1,0.5175,0.0,0.0,0.5175,1.5299
2021-01-08 19:00:00,1.5299,0.122,242.83,0.1,0.4593,0.0,0.5204,0.9797,1.3823
2021-01-08 20:00:00,1.3823,0.1102,237.17,0.1,0.5032,0.0,0.3985,0.9017,1.8102
2021-01-08 21:00:00,1.8102,0.1443,240.0,0.1,0.0,0.0,0.8578,0.8578,0.1591
2021-01-08 22:00:00,0.1591,0.0127,239.76,0.1,0.0,0.0,0.0712,0.0712,0.3414
2021-01-08 23:00:00,0.3414,0.0272,239.39,0.1,0.0,0.0,0.0,0.0,0.1
2021-01-09 00:00:00,0.1,0.01,233.6,0.1,0.0,0.0,0.0,0.0,0.1
2021-01-09 01:00:00,0.1,0.01,245.67,0.1,0.0,0.0,0.0,0.0,0.1
2021-01-09 02:00:00,0.1,0.01,238.2,0.1,0.0,0.0,0.0,0.0,0.1
2021-01-09 03:00:00,0.1,0.01,236.47,0.1,0.0,0.0,0.0,0.0,0.1
2021-01-09 04:00:00,0.1,0.01,235.26,0.1,0.0,0.0,0.0,0.0,0.1
2021-01-09 05:00:00,0.1,0.01,241.08,0.1,0.0,0.0,0.0,0.0,0.4089
2021-01-09 06:00:00,0.4089,0.0326,238.7,0.1,0.0,0.0,0.0,0.0,1.2792
2021-01-09 07:00:00,1.2792,0.102,236.51,0.1,0.3132,0.0,0.0,0.3132,1.14
2021-01-09 08:00:00,1.14,0.0909,235.31,0.1,0.3097,0.0,0.0,0.3097,1.0587
2021-01-09 09:00:00,1.0587,0.0844,240.42,0.1,0.1164,0.0,0.0,0.1164,0.3453
2021-01-09 10:00:00,0.3453,0.0275,235.17,0.1,0.0,0.0947,0.0,0.0947,0.3806
2021-01-09 11:00:00,0.3806,0.0303,236.73,0.1,0.0,0.11,0.0,0.11,0.4812
2021-01-09 12:00:00,0.4812,0.0384,235.19,0.1,0.0,0.129,0.0,0.129,0.3584
2021-01-09 13:00:00,0.3584,0.0286,238.1,0.1,0.0,0.104,0.0,0.104,0.4124
2021-01-09 14:00:00,0.4124,0.0329,242.62,0.1,0.0,0.1027,0.0,0.1027,0.6831
2021-01-09 15:00:00,0.6831,0.0545,236.62,0.1,0.0,0.075,0.0,0.075,0.3854
2021-01-09 16:00:00,0.3854,0.0307,239.51,0.1,0.0,0.0581,0.0,0.0581,0.2956
2021-01-09 17:00:00,0.2956,0.0236,241.11,0.1,0.0,0.0,0.0,0.0,1.326
2021-01-09 18:00:00,1.326,0.1057,241.51,0.1,0.3825,0.0,0.0,0.3825,1.4357
2021-01-09 19:00:00,1.4357,0.1145,235.29,0.1,0.2961,0.0,0.3552,0.6513,1.9673
2021-01-09 20:00:00,1.9673,0.1569,239.95,0.1,0.5056,0.0,0.8154,1.321,1.727
2021-01-09 21:00:00,1.727,0.1377,236.91,0.1,0.0,0.0,0.7258,0.7258,0.4679
2021-01-09 22:00:00,0.4679,0.0373,240.06,0.1,0.0,0.0,0.183,0.183,0.5609
2021-01-09 23:00:00,0.5609,0.0447,243.17,0.1,0.0,0.0,0.0,0.0,0.1
2021-01-10 00:00:00,0.1,0.01,243.31,0.1,0.0,0.0,0.0,0.0,0.1
2021-01-10 01:00:00,0.1,0.01,241.17,0.1,0.0,0.0,0.0,0.0,0.1
2021-01-10 02:00:00,0.1,0.01,240.86,0.1,0.0,0.0,0.0,0.0,0.1749
2021-01-10 03:00:00,0.1749,0.0139,239.06,0.1,0.0,0.0,0.0,0.0,0.1
2021-01-10 04:00:00,0.1,0.01,241.24,0.1,0.0,0.0,0.0,0.0,0.1
2021-01-10 05:00:00,0.1,0.01,233.58,0.1,0.0,0.0,0.0,0.0,0.1
2021-01-10 06:00:00,0.1,0.01,237.46,0.1,0.0,0.0,0.0,0.0,0.9076
2021-01-10 07:00:00,0.9076,0.0724,240.36,0.1,0.1385,0.0,0.0,0.1385,0.9675
2021-01-10 08:00:00,0.9675,0.0771,238.28,0.1,0.287,0.0,0.0,0.287,0.7418
2021-01-10 09:00:00,0.7418,0.0592,240.34,0.1,0.0797,0.0,0.0,0.0797,0.5102
2021-01-10 10:00:00,0.5102,0.0407,240.92,0.1,0.0,0.1485,0.0,0.1485,0.3427
2021-01-10 11:00:00,0.3427,0.0273,239.4,0.1,0.0,0.0928,0.0,0.0928,0.3537
2021-01-10 12:00:00,0.3537,0.0282,236.15,0.1,0.0,0.084,0.0,0.084,0.4124
2021-01-10 13:00:00,0.4124,0.0329,242.37,0.1,0.0,0.1209,0.0,0.1209,0.4172
2021-01-10 14:00:00,0.4172,0.0333,238.29,0.1,0.0,0.1209,0.0,0.1209,0.2367
2021-01-10 15:00:00,0.2367,0.0189,241.89,0.1,0.0,0.032,0.0,0.032,0.3837
2021-01-10 16:00:00,0.3837,0.0306,238.79,0.1,0.0,0.1079,0.0,0.1079,0.4929
2021-01-10 17:00:00,0.4929,0.0393,238.4,0.1,0.0,0.0,0.0,0.0,1.5903
2021-01-10 18:00:00,1.5903,0.1268,237.74,0.1,0.2904,0.0,0.0,0.2904,1.2992
2021-01-10 19:00:00,1.2992,0.1036,240.97,0.1,0.3336,0.0,0.3714,0.705,2.059
2021-01-10 20:00:00,2.059,0.1642,236.69,0.1,0.7551,0.0,0.8712,1.6263,1.6982
2021-01-10 21:00:00,1.6982,0.1354,237.89,0.1,0.0,0.0,0.6442,0.6442,0.4637
2021-01-10 22:00:00,0.4637,0.037,236.33,0.1,0.0,0.0,0.1249,0.1249,0.8047
2021-01-10 23:00:00,0.8047,0.0642,237.93,0.1,0.0,0.0,0.0,0.0,0.1
2021-01-11 00:00:00,0.1,0.01,236.71,0.1,0.0,0.0,0.0,0.0,0.1
2021-01-11 01:00:00,0.1,0.01,235.49,0.1,0.0,0.0,0.0,0.0,0.1
2021-01-11 02:00:00,0.1,0.01,240.13,0.1,0.0,0.0,0.0,0.0,0.1
2021-01-11 03:00:00,0.1,0.01,237.72,0.1,0.0,0.0,0.0,0.0,0.1
2021-01-11 04:00:00,0.1,0.01,240.69,0.1,0.0,0.0,0.0,0.0,0.1
2021-01-11 05:00:00,0.1,0.01,241.03,0.1,0.0,0.0,0.0,0.0,0.4976
2021-01-11 06:00:00,0.4976,0.0397,238.15,0.1,0.0,0.0,0.0,0.0,0.5903
2021-01-11 07:00:00,0.5903,0.0471,240.44,0.1,0.0807,0.0,0.0,0.0807,1.0632
2021-01-11 08:00:00,1.0632,0.0848,239.68,0.1,0.2632,0.0,0.0,0.2632,0.9561
2021-01-11 09:00:00,0.9561,0.0762,238.14,0.1,0.1497,0.0,0.0,0.1497,0.3367
2021-01-11 10:00:00,0.3367,0.0268,238.82,0.1,0.0,0.0455,0.0,0.0455,0.2831
2021-01-11 11:00:00,0.2831,0.0226,235.32,0.1,0.0,0.0333,0.0,0.0333,0.3573
2021-01-11 12:00:00,0.3573,0.0285,239.09,0.1,0.0,0.0648,0.0,0.0648,0.624
2021-01-11 13:00:00,0.624,0.0498,242.62,0.1,0.0,0.0371,0.0,0.0371,0.6079
2021-01-11 14:00:00,0.6079,0.0485,241.03,0.1,0.0,0.0777,0.0,0.0777,0.1878
2021-01-11 15:00:00,0.1878,0.015,244.15,0.1,0.0,0.0,0.0,0.0,0.4239
2021-01-11 16:00:00,0.4239,0.0338,241.8,0.1,0.0,0.0,0.0,0.0,0.1229
2021-01-11 17:00:00,0.1229,0.01,240.26,0.1,0.0,0.0,0.0,0.0,1.2458
2021-01-11 18:00:00,1.2458,0.0993,241.56,0.1,0.334,0.0,0.0,0.334,1.5724
2021-01-11 19:00:00,1.5724,0.1254,239.11,0.1,0.4478,0.0,0.459,0.9068,1.4404
2021-01-11 20:00:00,1.4404,0.1149,239.54,0.1,0.3837,0.0,0.6853,1.069,1.3304
2021-01-11 21:00:00,1.3304,0.1061,240.08,0.1,0.0,0.0,0.5871,0.5871,0.3146
2021-01-11 22:00:00,0.3146,0.0251,243.19,0.1,0.0,0.0,0.0791,0.0791,0.4101
2021-01-11 23:00:00,0.4101,0.0327,243.49,0.1,0.0,0.0,0.0,0.0,0.1
2021-01-12 00:00:00,0.1,0.01,236.35,0.1,0.0,0.0,0.0,0.0,0.1
2021-01-12 01:00:00,0.1,0.01,234.86,0.1,0.0,0.0,0.0,0.0,0.1
2021-01-12 02:00:00,0.1,0.01,242.32,0.1,0.0,0.0,0.0,0.0,0.1
2021-01-12 03:00:00,0.1,0.01,236.5,0.1,0.0,0.0,0.0,0.0,0.3061
2021-01-12 04:00:00,0.3061,0.0244,241.44,0.1,0.0,0.0,0.0,0.0,0.1585
2021-01-12 05:00:00,0.1585,0.0126,241.09,0.1,0.0,0.0,0.0,0.0,0.344
2021-01-12 06:00:00,0.344,0.0274,241.18,0.1,0.0,0.0,0.0,0.0,1.0464
2021-01-12 07:00:00,1.0464,0.0834,239.72,0.1,0.2599,0.0,0.0,0.2599,0.8851
2021-01-12 08:00:00,0.8851,0.0706,244.63,0.1,0.1084,0.0,0.0,0.1084,0.9499
2021-01-12 09:00:00,0.9499,0.0757,236.13,0.1,0.1195,0.0,0.0,0.1195,0.2369
2021-01-12 10:00:00,0.2369,0.0189,243.45,0.1,0.0,0.0443,0.0,0.0443,0.1249
2021-01-12 11:00:00,0.1249,0.01,243.27,0.1,0.0,0.0224,0.0,0.0224,0.4628
2021-01-12 12:00:00,0.4628,0.0369,243.36,0.1,0.0,0.0439,0.0,0.0439,0.4316
2021-01-12 13:00:00,0.4316,0.0344,237.06,0.1,0.0,0.0474,0.0,0.0474,0.3068
2021-01-12 14:00:00,0.3068,0.0245,240.67,0.1,0.0,0.0429,0.0,0.0429,0.4557
2021-01-12 15:00:00,0.4557,0.0363,236.98,0.1,0.0,0.0,0.0,0.0,0.1986
2021-01-12 16:00:00,0.1986,0.0158,239.16,0.1,0.0,0.0,0.0,0.0,0.3989
2021-01-12 17:00:00,0.3989,0.0318,232.81,0.1,0.0,0.0,0.0,0.0,1.1949
2021-01-12 18:00:00,1.1949,0.0953,241.52,0.1,0.4455,0.0,0.0,0.4455,1.4097
2021-01-12 19:00:00,1.4097,0.1124,241.34,0.1,0.3118,0.0,0.6175,0.9294,1.1365
2021-01-12 20:00:00,1.1365,0.0906,236.62,0.1,0.4543,0.0,0.4555,0.9099,1.1766
2021-01-12 21:00:00,1.1766,0.0938,239.21,0.1,0.0,0.0,0.5719,0.5719,0.483
2021-01-12 22:00:00,0.483,0.0385,241.44,0.1,0.0,0.0,0.2198,0.2198,0.2024
2021-01-12 23:00:00,0.2024,0.0161,237.92,0.1,0.0,0.0,0.0,0.0,0.1
2021-01-13 00:00:00,0.1,0.01,237.12,0.1,0.0,0.0,0.0,0.0,0.1
2021-01-13 01:00:00,0.1,0.01,234.76,0.1,0.0,0.0,0.0,0.0,0.1
2021-01-13 02:00:00,0.1,0.01,241.83,0.1,0.0,0.0,0.0,0.0,0.1
2021-01-13 03:00:00,0.1,0.01,243.46,0.1,0.0,0.0,0.0,0.0,0.1
2021-01-13 04:00:00,0.1,0.01,239.97,0.1,0.0,0.0,0.0,0.0,0.1
2021-01-13 05:00:00,0.1,0.01,238.34,0.1,0.0,0.0,0.0,0.0,0.1961
2021-01-13 06:00:00,0.1961,0.0156,241.23,0.1,0.0,0.0,0.0,0.0,0.9732
2021-01-13 07:00:00,0.9732,0.0776,244.78,0.1,0.2899,0.0,0.0,0.2899,1.0061
2021-01-13 08:00:00,1.0061,0.0802,243.44,0.1,0.1915,0.0,0.0,0.1915,0.9761
2021-01-13 09:00:00,0.9761,0.0778,238.28,0.1,0.1971,0.0,0.0,0.1971,0.2571
2021-01-13 10:00:00,0.2571,0.0205,243.51,0.1,0.0,0.0257,0.0,0.0257,0.3627
2021-01-13 11:00:00,0.3627,0.0289,241.08,0.1,0.0,0.0556,0.0,0.0556,0.3447
2021-01-13 12:00:00,0.3447,0.0275,238.79,0.1,0.0,0.054,0.0,0.054,0.2817
2021-01-13 13:00:00,0.2817,0.0225,235.35,0.1,0.0,0.0254,0.0,0.0254,0.3439
2021-01-13 14:00:00,0.3439,0.0274,243.54,0.1,0.0,0.0251,0.0,0.0251,0.5324
2021-01-13 15:00:00,0.5324,0.0425,241.81,0.1,0.0,0.0,0.0,0.0,0.3215
2021-01-13 16:00:00,0.3215,0.0256,237.34,0.1,0.0,0.0,0.0,0.0,0.4822
2021-01-13 17:00:00,0.4822,0.0384,244.4,0.1,0.0,0.0,0.0,0.0,1.2738
2021-01-13 18:00:00,1.2738,0.1016,237.1,0.1,0.4178,0.0,0.0,0.4178,1.1265
2021-01-13 19:00:00,1.1265,0.0898,240.42,0.1,0.2629,0.0,0.5666,0.8295,1.3701
2021-01-13 20:00:00,1.3701,0.1093,240.79,0.1,0.4774,0.0,0.6713,1.1487,1.5516
2021-01-13 21:00:00,1.5516,0.1237,241.74,0.1,0.0,0.0,0.6472,0.6472,0.4693
2021-01-13 22:00:00,0.4693,0.0374,244.48,0.1,0.0,0.0,0.2081,0.2081,0.2604
2021-01-13 23:00:00,0.2604,0.0208,239.66,0.1,0.0,0.0,0.0,0.0,0.1
2021-01-14 00:00:00,0.1,0.01,239.45,0.1,0.0,0.0,0.0,0.0,0.1
2021-01-14 01:00:00,0.1,0.01,239.39,0.1,0.0,0.0,0.0,0.0,0.1
2021-01-14 02:00:00,0.1,0.01,241.46,0.1,0.0,0.0,0.0,0.0,0.1
2021-01-14 03:00:00,0.1,0.01,237.34,0.1,0.0,0.0,0.0,0.0,0.2391
2021-01-14 04:00:00,0.2391,0.0191,238.6,0.1,0.0,0.0,0.0,0.0,0.1
2021-01-14 05:00:00,0.1,0.01,241.45,0.1,0.0,0.0,0.0,0.0,0.4502
2021-01-14 06:00:00,0.4502,0.0359,240.02,0.1,0.0,0.0,0.0,0.0,1.0213
2021-01-14 07:00:00,1.0213,0.0814,240.69,0.1,0.2364,0.0,0.0,0.2364,0.9906
2021-01-14 08:00:00,0.9906,0.079,236.65,0.1,0.239,0.0,0.0,0.239,1.1382
2021-01-14 09:00:00,1.1382,0.0908,238.17,0.1,0.2972,0.0,0.0,0.2972,0.2061
2021-01-14 10:00:00,0.2061,0.0164,239.48,0.1,0.0,0.032,0.0,0.032,0.3294
2021-01-14 11:00:00,0.3294,0.0263,245.84,0.1,0.0,0.0308,0.0,0.0308,0.6425
2021-01-14 12:00:00,0.6425,0.0512,239.43,0.1,0.0,0.0959,0.0,0.0959,0.3444
2021-01-14 13:00:00,0.3444,0.0275,239.86,0.1,0.0,0.0253,0.0,0.0253,0.388
2021-01-14 14:00:00,0.388,0.0309,237.22,0.1,0.0,0.0459,0.0,0.0459,0.4397
2021-01-14 15:00:00,0.4397,0.0351,241.56,0.1,0.0,0.0,0.0,0.0,0.1
2021-01-14 16:00:00,0.1,0.01,237.59,0.1,0.0,0.0,0.0,0.0,0.3223
2021-01-14 17:00:00,0.3223,0.0257,241.76,0.1,0.0,0.0,0.0,0.0,1.1339
2021-01-14 18:00:00,1.1339,0.0904,237.73,0.1,0.2745,0.0,0.0,0.2745,1.615
2021-01-14 19:00:00,1.615,0.1288,238.75,0.1,0.5373,0.0,0.457,0.9943,1.4599
2021-01-14 20:00:00,1.4599,0.1164,237.42,0.1,0.4207,0.0,0.5771,0.9978,1.4267
2021-01-14 21:00:00,1.4267,0.1138,245.19,0.1,0.0,0.0,0.6213,0.6213,0.1975
2021-01-14 22:00:00,0.1975,0.0157,241.79,0.1,0.0,0.0,0.0839,0.0839,0.3853
2021-01-14 23:00:00,0.3853,0.0307,245.78,0.1,0.0,0.0,0.0,0.0,0.1
2021-01-15 00:00:00,0.1,0.01,241.03,0.1,0.0,0.0,0.0,0.0,0.1
2021-01-15 01:00:00,0.1,0.01,236.68,0.1,0.0,0.0,0.0,0.0,0.1
2021-01-15 02:00:00,0.1,0.01,240.64,0.1,0.0,0.0,0.0,0.0,0.1
2021-01-15 03:00:00,0.1,0.01,237.78,0.1,0.0,0.0,0.0,0.0,0.1
2021-01-15 04:00:00,0.1,0.01,243.94,0.1,0.0,0.0,0.0,0.0,0.1
2021-01-15 05:00:00,0.1,0.01,243.87,0.1,0.0,0.0,0.0,0.0,0.1487
2021-01-15 06:00:00,0.1487,0.0119,237.85,0.1,0.0,0.0,0.0,0.0,1.1258
2021-01-15 07:00:00,1.1258,0.0898,243.72,0.1,0.1913,0.0,0.0,0.1913,1.1015
2021-01-15 08:00:00,1.1015,0.0878,239.66,0.1,0.3088,0.0,0.0,0.3088,0.9547
2021-01-15 09:00:00,0.9547,0.0761,243.91,0.1,0.2855,0.0,0.0,0.2855,0.359
2021-01-15 10:00:00,0.359,0.0286,241.28,0.1,0.0,0.0582,0.0,0.0582,0.2831
2021-01-15 11:00:00,0.2831,0.0226,242.31,0.1,0.0,0.0393,0.0,0.0393,0.3169
2021-01-15 12:00:00,0.3169,0.0253,238.94,0.1,0.0,0.0197,0.0,0.0197,0.167
2021-01-15 13:00:00,0.167,0.0133,240.46,0.1,0.0,0.0191,0.0,0.0191,0.408
2021-01-15 14:00:00,0.408,0.0325,237.51,0.1,0.0,0.0617,0.0,0.0617,0.5151
2021-01-15 15:00:00,0.5151,0.0411,242.41,0.1,0.0,0.0,0.0,0.0,0.2815
2021-01-15 16:00:00,0.2815,0.0224,238.7,0.1,0.0,0.0,0.0,0.0,0.4598
2021-01-15 17:00:00,0.4598,0.0367,241.04,0.1,0.0,0.0,0.0,0.0,1.3221
2021-01-15 18:00:00,1.3221,0.1054,239.53,0.1,0.3227,0.0,0.0,0.3227,1.2247
2021-01-15 19:00:00,1.2247,0.0977,241.76,0.1,0.3976,0.0,0.4127,0.8103,1.4362
2021-01-15 20:00:00,1.4362,0.1145,245.39,0.1,0.3583,0.0,0.4486,0.8069,1.4236
2021-01-15 21:00:00,1.4236,0.1135,242.66,0.1,0.0,0.0,0.3829,0.3829,0.1
2021-01-15 22:00:00,0.1,0.01,232.64,0.1,0.0,0.0,0.0517,0.0517,0.1227
2021-01-15 23:00:00,0.1227,0.01,239.78,0.1,0.0,0.0,0.0,0.0,0.1
2021-01-16 00:00:00,0.1,0.01,240.39,0.1,0.0,0.0,0.0,0.0,0.1
2021-01-16 01:00:00,0.1,0.01,242.95,0.1,0.0,0.0,0.0,0.0,0.1
2021-01-16 02:00:00,0.1,0.01,235.91,0.1,0.0,0.0,0.0,0.0,0.1
2021-01-16 03:00:00,0.1,0.01,237.93,0.1,0.0,0.0,0.0,0.0,0.1
2021-01-16 04:00:00,0.1,0.01,241.78,0.1,0.0,0.0,0.0,0.0,0.1
2021-01-16 05:00:00,0.1,0.01,242.39,0.1,0.0,0.0,0.0,0.0,0.1087
2021-01-16 06:00:00,0.1087,0.01,240.6,0.1,0.0,0.0,0.0,0.0,0.9395
2021-01-16 07:00:00,0.9395,0.0749,233.75,0.1,0.0999,0.0,0.0,0.0999,0.9022
2021-01-16 08:00:00,0.9022,0.0719,239.81,0.1,0.0979,0.0,0.0,0.0979,0.9267
2021-01-16 09:00:00,0.9267,0.0739,242.94,0.1,0.2776,0.0,0.0,0.2776,0.4336
2021-01-16 10:00:00,0.4336,0.0346,237.98,0.1,0.0,0.1254,0.0,0.1254,0.451
2021-01-16 11:00:00,0.451,0.036,243.57,0.1,0.0,0.1057,0.0,0.1057,0.5378
2021-01-16 12:00:00,0.5378,0.0429,233.64,0.1,0.0,0.1255,0.0,0.1255,0.7253
2021-01-16 13:00:00,0.7253,0.0578,241.27,0.1,0.0,0.1518,0.0,0.1518,0.3533
2021-01-16 14:00:00,0.3533,0.0282,238.94,0.1,0.0,0.104,0.0,0.104,0.4911
2021-01-16 15:00:00,0.4911,0.0392,244.92,0.1,0.0,0.0654,0.0,0.0654,0.7694
2021-01-16 16:00:00,0.7694,0.0613,239.66,0.1,0.0,0.1116,0.0,0.1116,0.2416
2021-01-16 17:00:00,0.2416,0.0193,236.91,0.1,0.0,0.0,0.0,0.0,1.393
2021-01-16 18:00:00,1.393,0.1111,232.74,0.1,0.2292,0.0,0.0,0.2292,1.344
2021-01-16 19:00:00,1.344,0.1072,242.36,0.1,0.263,0.0,0.515,0.7781,1.7307
2021-01-16 20:00:00,1.7307,0.138,236.91,0.1,0.4079,0.0,0.5335,0.9414,1.8341
2021-01-16 21:00:00,1.8341,0.1463,242.18,0.1,0.0,0.0,0.6355,0.6355,0.4893
2021-01-16 22:00:00,0.4893,0.039,243.67,0.1,0.0,0.0,0.2453,0.2453,0.2266
2021-01-16 23:00:00,0.2266,0.0181,237.88,0.1,0.0,0.0,0.0,0.0,0.1
2021-01-17 00:00:00,0.1,0.01,239.93,0.1,0.0,0.0,0.0,0.0,0.1
2021-01-17 01:00:00,0.1,0.01,243.9,0.1,0.0,0.0,0.0,0.0,0.1
2021-01-17 02:00:00,0.1,0.01,239.84,0.1,0.0,0.0,0.0,0.0,0.1
2021-01-17 03:00:00,0.1,0.01,236.07,0.1,0.0,0.0,0.0,0.0,0.1
2021-01-17 04:00:00,0.1,0.01,237.57,0.1,0.0,0.0,0.0,0.0,0.1
2021-01-17 05:00:00,0.1,0.01,240.8,0.1,0.0,0.0,0.0,0.0,0.4796
2021-01-17 06:00:00,0.4796,0.0382,239.48,0.1,0.0,0.0,0.0,0.0,0.9679
2021-01-17 07:00:00,0.9679,0.0772,239.32,0.1,0.2097,0.0,0.0,0.2097,1.2408
2021-01-17 08:00:00,1.2408,0.0989,237.04,0.1,0.2458,0.0,0.0,0.2458,0.8788
2021-01-17 09:00:00,0.8788,0.0701,241.66,0.1,0.1613,0.0,0.0,0.1613,0.4311
2021-01-17 10:00:00,0.4311,0.0344,241.45,0.1,0.0,0.0695,0.0,0.0695,0.1748
2021-01-17 11:00:00,0.1748,0.0139,239.67,0.1,0.0,0.0364,0.0,0.0364,0.53
2021-01-17 12:00:00,0.53,0.0423,238.71,0.1,0.0,0.1267,0.0,0.1267,0.6934
2021-01-17 13:00:00,0.6934,0.0553,240.65,0.1,0.0,0.1368,0.0,0.1368,0.3128
2021-01-17 14:00:00,0.3128,0.0249,241.21,0.1,0.0,0.0871,0.0,0.0871,0.3933
2021-01-17 15:00:00,0.3933,0.0314,241.95,0.1,0.0,0.0567,0.0,0.0567,0.599
2021-01-17 16:00:00,0.599,0.0478,243.32,0.1,0.0,0.0971,0.0,0.0971,0.1679
2021-01-17 17:00:00,0.1679,0.0134,242.15,0.1,0.0,0.0,0.0,0.0,1.3639
2021-01-17 18:00:00,1.3639,0.1088,241.7,0.1,0.428,0.0,0.0,0.428,1.3731
2021-01-17 19:00:00,1.3731,0.1095,243.66,0.1,0.528,0.0,0.5076,1.0355,1.8377
2021-01-17 20:00:00,1.8377,0.1465,240.22,0.1,0.6362,0.0,0.9488,1.5849,1.6918
2021-01-17 21:00:00,1.6918,0.1349,244.52,0.1,0.0,0.0,0.8467,0.8467,0.8336
2021-01-17 22:00:00,0.8336,0.0665,242.09,0.1,0.0,0.0,0.3246,0.3246,0.5753
2021-01-17 23:00:00,0.5753,0.0459,235.97,0.1,0.0,0.0,0.0,0.0,0.1
2021-01-18 00:00:00,0.1,0.01,240.91,0.1,0.0,0.0,0.0,0.0,0.1
2021-01-18 01:00:00,0.1,0.01,240.03,0.1,0.0,0.0,0.0,0.0,0.1
2021-01-18 02:00:00,0.1,0.01,230.38,0.1,0.0,0.0,0.0,0.0,0.1
2021-01-18 03:00:00,0.1,0.01,237.73,0.1,0.0,0.0,0.0,0.0,0.1
2021-01-18 04:00:00,0.1,0.01,239.18,0.1,0.0,0.0,0.0,0.0,0.1174
2021-01-18 05:00:00,0.1174,0.01,243.42,0.1,0.0,0.0,0.0,0.0,0.7112
2021-01-18 06:00:00,0.7112,0.0567,243.86,0.1,0.0,0.0,0.0,0.0,0.7433
2021-01-18 07:00:00,0.7433,0.0593,242.12,0.1,0.0943,0.0,0.0,0.0943,0.8921
2021-01-18 08:00:00,0.8921,0.0711,241.39,0.1,0.0988,0.0,0.0,0.0988,1.0088
2021-01-18 09:00:00,1.0088,0.0804,240.87,0.1,0.2727,0.0,0.0,0.2727,0.5014
2021-01-18 10:00:00,0.5014,0.04,237.25,0.1,0.0,0.0583,0.0,0.0583,0.1228
2021-01-18 11:00:00,0.1228,0.01,238.1,0.1,0.0,0.0168,0.0,0.0168,0.4054
2021-01-18 12:00:00,0.4054,0.0323,243.73,0.1,0.0,0.0539,0.0,0.0539,0.4051
2021-01-18 13:00:00,0.4051,0.0323,238.15,0.1,0.0,0.0419,0.0,0.0419,0.2973
2021-01-18 14:00:00,0.2973,0.0237,242.14,0.1,0.0,0.0589,0.0,0.0589,0.6361
2021-01-18 15:00:00,0.6361,0.0507,238.6,0.1,0.0,0.0,0.0,0.0,0.408
2021-01-18 16:00:00,0.408,0.0325,237.48,0.1,0.0,0.0,0.0,0.0,0.252
2021-01-18 17:00:00,0.252,0.0201,241.92,0.1,0.0,0.0,0.0,0.0,1.6445
2021-01-18 18:00:00,1.6445,0.1311,238.59,0.1,0.3052,0.0,0.0,0.3052,1.5394
2021-01-18 19:00:00,1.5394,0.1228,241.51,0.1,0.4043,0.0,0.497,0.9013,1.4432
2021-01-18 20:00:00,1.4432,0.1151,237.46,0.1,0.4672,0.0,0.3482,0.8154,1.3569
2021-01-18 21:00:00,1.3569,0.1082,241.92,0.1,0.0,0.0,0.5878,0.5878,0.323
2021-01-18 22:00:00,0.323,0.0258,242.62,0.1,0.0,0.0,0.0891,0.0891,0.2297
2021-01-18 23:00:00,0.2297,0.0183,238.34,0.1,0.0,0.0,0.0,0.0,0.1
2021-01-19 00:00:00,0.1,0.01,243.0,0.1,0.0,0.0,0.0,0.0,0.1
2021-01-19 01:00:00,0.1,0.01,237.87,0.1,0.0,0.0,0.0,0.0,0.1154
2021-01-19 02:00:00,0.1154,0.01,241.33,0.1,0.0,0.0,0.0,0.0,0.1
2021-01-19 03:00:00,0.1,0.01,240.15,0.1,0.0,0.0,0.0,0.0,0.1
2021-01-19 04:00:00,0.1,0.01,237.23,0.1,0.0,0.0,0.0,0.0,0.1
2021-01-19 05:00:00,0.1,0.01,237.68,0.1,0.0,0.0,0.0,0.0,0.3578
2021-01-19 06:00:00,0.3578,0.0285,242.62,0.1,0.0,0.0,0.0,0.0,0.8451
2021-01-19 07:00:00,0.8451,0.0674,240.71,0.1,0.1677,0.0,0.0,0.1677,1.0374
2021-01-19 08:00:00,1.0374,0.0827,243.11,0.1,0.2821,0.0,0.0,0.2821,0.9627
2021-01-19 09:00:00,0.9627,0.0768,242.18,0.1,0.1645,0.0,0.0,0.1645,0.254
2021-01-19 10:00:00,0.254,0.0203,248.87,0.1,0.0,0.0442,0.0,0.0442,0.1849
2021-01-19 11:00:00,0.1849,0.0147,236.96,0.1,0.0,0.0113,0.0,0.0113,0.1
2021-01-19 12:00:00,0.1,0.01,240.39,0.1,0.0,0.0172,0.0,0.0172,0.1
2021-01-19 13:00:00,0.1,0.01,238.02,0.1,0.0,0.0138,0.0,0.0138,0.2221
2021-01-19 14:00:00,0.2221,0.0177,237.09,0.1,0.0,0.0192,0.0,0.0192,0.227
2021-01-19 15:00:00,0.227,0.0181,240.09,0.1,0.0,0.0,0.0,0.0,0.3538
2021-01-19 16:00:00,0.3538,0.0282,231.64,0.1,0.0,0.0,0.0,0.0,0.2112
2021-01-19 17:00:00,0.2112,0.0168,239.99,0.1,0.0,0.0,0.0,0.0,1.3465
2021-01-19 18:00:00,1.3465,0.1074,240.85,0.1,0.2432,0.0,0.0,0.2432,1.4481
2021-01-19 19:00:00,1.4481,0.1155,239.13,0.1,0.2386,0.0,0.4342,0.6729,1.347
2021-01-19 20:00:00,1.347,0.1074,240.72,0.1,0.2402,0.0,0.6358,0.8761,1.2998
2021-01-19 21:00:00,1.2998,0.1036,243.36,0.1,0.0,0.0,0.5132,0.5132,0.1492
2021-01-19 22:00:00,0.1492,0.0119,243.57,0.1,0.0,0.0,0.0652,0.0652,0.486
2021-01-19 23:00:00,0.486,0.0388,237.63,0.1,0.0,0.0,0.0,0.0,0.1
2021-01-20 00:00:00,0.1,0.01,243.65,0.1,0.0,0.0,0.0,0.0,0.1
2021-01-20 01:00:00,0.1,0.01,239.35,0.1,0.0,0.0,0.0,0.0,0.1
2021-01-20 02:00:00,0.1,0.01,241.64,0.1,0.0,0.0,0.0,0.0,0.128
2021-01-20 03:00:00,0.128,0.0102,242.71,0.1,0.0,0.0,0.0,0.0,0.1
2021-01-20 04:00:00,0.1,0.01,238.01,0.1,0.0,0.0,0.0,0.0,0.1177
2021-01-20 05:00:00,0.1177,0.01,240.74,0.1,0.0,0.0,0.0,0.0,0.2728
2021-01-20 06:00:00,0.2728,0.0218,242.91,0.1,0.0,0.0,0.0,0.0,0.9112
2021-01-20 07:00:00,0.9112,0.0727,241.29,0.1,0.1574,0.0,0.0,0.1574,1.0029
2021-01-20 08:00:00,1.0029,0.08,241.22,0.1,0.2645,0.0,0.0,0.2645,0.962
2021-01-20 09:00:00,0.962,0.0767,238.37,0.1,0.1633,0.0,0.0,0.1633,0.5492
2021-01-20 10:00:00,0.5492,0.0438,240.96,0.1,0.0,0.0739,0.0,0.0739,0.4878
2021-01-20 11:00:00,0.4878,0.0389,241.65,0.1,0.0,0.0488,0.0,0.0488,0.3575
2021-01-20 12:00:00,0.3575,0.0285,240.12,0.1,0.0,0.0438,0.0,0.0438,0.4175
2021-01-20 13:00:00,0.4175,0.0333,238.27,0.1,0.0,0.0418,0.0,0.0418,0.29
2021-01-20 14:00:00,0.29,0.0231,242.64,0.1,0.0,0.0474,0.0,0.0474,0.473
2021-01-20 15:00:00,0.473,0.0377,241.88,0.1,0.0,0.0,0.0,0.0,0.4511
2021-01-20 16:00:00,0.4511,0.036,244.69,0.1,0.0,0.0,0.0,0.0,0.1215
2021-01-20 17:00:00,0.1215,0.01,240.93,0.1,0.0,0.0,0.0,0.0,1.7168
2021-01-20 18:00:00,1.7168,0.1369,236.71,0.1,0.5376,0.0,0.0,0.5376,1.7914
2021-01-20 19:00:00,1.7914,0.1428,246.6,0.1,0.418,0.0,0.8735,1.2915,1.3681
2021-01-20 20:00:00,1.3681,0.1091,236.18,0.1,0.3114,0.0,0.4332,0.7446,1.3077
2021-01-20 21:00:00,1.3077,0.1043,239.71,0.1,0.0,0.0,0.5893,0.5893,0.41
2021-01-20 22:00:00,0.41,0.0327,239.06,0.1,0.0,0.0,0.2009,0.2009,0.2339
2021-01-20 23:00:00,0.2339,0.0187,239.52,0.1,0.0,0.0,0.0,0.0,0.1
2021-01-21 00:00:00,0.1,0.01,238.93,0.1,0.0,0.0,0.0,0.0,0.1
2021-01-21 01:00:00,0.1,0.01,236.88,0.1,0.0,0.0,0.0,0.0,0.1
2021-01-21 02:00:00,0.1,0.01,242.57,0.1,0.0,0.0,0.0,0.0,0.1
2021-01-21 03:00:00,0.1,0.01,239.56,0.1,0.0,0.0,0.0,0.0,0.1
2021-01-21 04:00:00,0.1,0.01,239.5,0.1,0.0,0.0,0.0,0.0,0.1
2021-01-21 05:00:00,0.1,0.01,232.06,0.1,0.0,0.0,0.0,0.0,0.4727
2021-01-21 06:00:00,0.4727,0.0377,234.14,0.1,0.0,0.0,0.0,0.0,1.1203
2021-01-21 07:00:00,1.1203,0.0893,244.73,0.1,0.3231,0.0,0.0,0.3231,1.1186
2021-01-21 08:00:00,1.1186,0.0892,239.06,0.1,0.2357,0.0,0.0,0.2357,1.0693
2021-01-21 09:00:00,1.0693,0.0853,242.39,0.1,0.2286,0.0,0.0,0.2286,0.1
2021-01-21 10:00:00,0.1,0.01,240.86,0.1,0.0,0.017,0.0,0.017,0.5505
2021-01-21 11:00:00,0.5505,0.0439,240.93,0.1,0.0,0.0866,0.0,0.0866,0.3271
2021-01-21 12:00:00,0.3271,0.0261,239.4,0.1,0.0,0.0281,0.0,0.0281,0.3081
2021-01-21 13:00:00,0.3081,0.0246,244.12,0.1,0.0,0.0242,0.0,0.0242,0.4009
2021-01-21 14:00:00,0.4009,0.032,242.36,0.1,0.0,0.0703,0.0,0.0703,0.543
2021-01-21 15:00:00,0.543,0.0433,238.47,0.1,0.0,0.0,0.0,0.0,0.399
2021-01-21 16:00:00,0.399,0.0318,236.02,0.1,0.0,0.0,0.0,0.0,0.4215
2021-01-21 17:00:00,0.4215,0.0336,237.18,0.1,0.0,0.0,0.0,0.0,1.3062
2021-01-21 18:00:00,1.3062,0.1042,237.32,0.1,0.3734,0.0,0.0,0.3734,1.4606
2021-01-21 19:00:00,1.4606,0.1165,235.23,0.1,0.5649,0.0,0.6697,1.2346,1.4606
